{
	"IPAddress": {
		"HostIp": "192.168.26.103"
	},
	"PortNumber": {
		"V2XDataSender":46053,
		"V2XDataReceiver":50002,
		"MessageDecoder": 1516,
		"BsmGenerator": 5398,
		"VehicleController": 1025,
		"MessageReceiver": 26789,
		"SpatReceiver": 6053
	},
	"VehicleInformation": {
		"EgoVehicleId": "f03ad623"

	},
	"IntersectionInformation": {
		"IntersectionName": "tsc_mcity_state_and_liberty",
		"IntersectionID": 0,
		"MapPayload": "001280de380030203007a6014edb6fd139668768194202dc051178316008a00020140000a67dc22028297021f1481414290580002483900010c0111000201000009adbfac0a0a5c003662050516019a0002010001029543cb4c0302604fb05ef976036602858694a4a9332e04fb08e8d23c47f8a7e136c8c40339120902800062c04340004010000c50167a6a7ea3d3027d82f505d85ad16002461e0241d000186015080010080001133d1f386058154bc913404fb16032a000200c0000a3cd70b0282860257f50a4090001120a40008300ec4000804000028f0633c0a0a189c1fd4",
		"IntersectionReferencePoint": {
			"Latitude_DecimalDegree": 42.3004671180329,
			"Longitude_DecimalDegree": -83.6979730240772,
			"Elevation_Meter": 237
		}
	},
	"SignalControllerInformation":
	{
		"Vendor": "Econolite",
		"DesiredSignalGroup": 2
	},
	"GeneralInformation": {
		"TimeGap": 1.0,
		"ConsoleOutput": true,
		"Logging": false,
		"Debug": true
	}
}
